iters,min_cf,min_df,rm_top,num_topics,num_beta_sample,removed_top_words,topics
100,20,20,25,30,5,one also two number used set function first may given theory called group space using many form point university every time known see new use,"Topic #0 operator complex equations tangent differential flow
Topic #1 problem exponential calculus compression test constraint
Topic #2 density normal law conditional variables variable
Topic #3 regular vertex convex vertices symmetry coordinates
Topic #4 united world war physics scientific particle
Topic #5 research national philosophy school social people
Topic #6 ring f r real module kernel
Topic #7 end step carlo monte method hilbert
Topic #8 programming critical maximum region mass derivative
Topic #9 triangle area rotation center body parallel
Topic #10 circles logic distance beyond middle egyptian
Topic #11 graph left free must structure components
Topic #12 algorithm axiom object return perfect digits
Topic #13 system entropy hash magnetic bits could
Topic #14 logic graph input logical truth language
Topic #15 tensor x product elements metric polynomial
Topic #16 energy player network particles networks equilibrium
Topic #17 data population wave frequency signal regression
Topic #18 state english public british life world
Topic #19 quantum bundle de einstein theories political
Topic #20 distribution probability random sample process mean
Topic #21 node tree data computer newton nodes
Topic #22 groups category lie hyperbolic subgroup g
Topic #23 matrix vector linear element curve v
Topic #24 numbers fourier n topology discrete sum
Topic #25 functions algebra equation x theorem differential
Topic #26 prime american statistical statistics mathematics society
Topic #27 series dual uniform related proof markov
Topic #28 knot degree integer mathematical algebraic journal
Topic #29 geometry family order pairs special notes"
100,30,20,50,30,1,one also two number used set function first may given theory called group space using many form point university every time known see new use since defined data mathematical x references value field different would vector system order case linear numbers theorem model distribution probability functions real matrix general n,"Topic #0 rotation operators quadratic hilbert root weight
Topic #1 work became research english hamiltonian studies
Topic #2 regression game correlation energy models tensor
Topic #3 algorithm logic search boolean code logical
Topic #4 american people school philosophy professor national
Topic #5 random interval derivative variable local module
Topic #6 newton force neumann high population von
Topic #7 information event tree player strategy flow
Topic #8 graph graphs distance vectors length area
Topic #9 hash node world films health library
Topic #10 black einstein game equilibrium tree player
Topic #11 object energy left spin multiplication scalar
Topic #12 problem truth frequency machine rules optimal
Topic #13 fourier transform filter bits reference matching
Topic #14 sample null posterior prior magnetic sorting
Topic #15 magic coefficient simple scheme block lagrangian
Topic #16 error mean recursive rule median law
Topic #17 quantum process markov decimal digit rate
Topic #18 test bundle string convergence hypothesis functional
Topic #19 population chinese design software social students
Topic #20 spaces projective compact manifold topology metric
Topic #21 computer journal published scientific science current
Topic #22 category operator v circle finite h
Topic #23 vertices ring infinite dual ideal sum
Topic #24 equation differential open proof equations class
Topic #25 prime lie surface curve algebraic hyperbolic
Topic #26 triangle three vertex convex four related
Topic #27 statistical mathematics central statistics distributions numerical
Topic #28 inequality discrete positive sequence series whose
Topic #29 analysis statistical stochastic along statistics applications"
100,20,20,25,30,1,one also two number used set function first may given theory called group space using many form point university every time known see new use,"Topic #0 polynomials orthogonal homotopy groups relations irreducible
Topic #1 circle angle coordinates end three loop
Topic #2 free black cell reflection part average
Topic #3 left digital path return sorting next
Topic #4 quantum energy equations momentum equation einstein
Topic #5 error frequency process variance entropy optimal
Topic #6 ring sheaf e force ibn person
Topic #7 philosophy permutation north ancient network political
Topic #8 string economic economics computer latin sampling
Topic #9 test game turing population data games
Topic #10 logical event water newton conditional would
Topic #11 input digit forces angular search bit
Topic #12 x vector c sets tangent normal
Topic #13 graph problem partition compression complexity deviation
Topic #14 school research became science people students
Topic #15 inverse root curve triangle magic vectors
Topic #16 algorithm method hash node control regression
Topic #17 tensor velocity estimator object category total
Topic #18 constant law riemannian negative logic value
Topic #19 distribution probability random distributions exponential line
Topic #20 vector map operator bundle algebraic manifold
Topic #21 regular hyperbolic vertex graph euclidean symmetry
Topic #22 matrix linear functions fourier transform integral
Topic #23 united statistical american field poisson physics
Topic #24 prime numbers integer positive theorem sum
Topic #25 mathematics society statistics mathematicians published american
Topic #26 uniform dual great edges inequality triangular
Topic #27 knot open index lie series algebra
Topic #28 conjecture square proved order equals states
Topic #29 convex list journals forms software volume"
100,20,10,25,40,3,one also two number used set function first may given theory called group space using many form point university every time known see new use,"Topic #0 de philosophers society academy city international
Topic #1 map c affine complex vector integral
Topic #2 axiom factor computing programming logic index
Topic #3 political million code social european graphics
Topic #4 numbers prime p integer base length
Topic #5 algorithm problem algorithms row problems basis
Topic #6 vector continuous fixed f convergence sets
Topic #7 subgroup category representation g tensor unitary
Topic #8 normal error probability scale strategy variable
Topic #9 united world war economic film school
Topic #10 sample population measure model design gravity
Topic #11 x real defined let r ordered
Topic #12 tangent circle equation surface line equations
Topic #13 test distribution variance prior bayesian hypothesis
Topic #14 thought tree theories islamic spin understanding
Topic #15 object language string category languages word
Topic #16 ring image r isomorphism direct functor
Topic #17 quantum entropy energy fuzzy mechanical einstein
Topic #18 estimator control parameter weight variation expected
Topic #19 particles light physical particle wave black
Topic #20 groups local lie global egyptian text
Topic #21 force gravitational velocity mass energy momentum
Topic #22 logic logical truth true law interpretation
Topic #23 data performance model models average simulation
Topic #24 rule program flow confidence permutation price
Topic #25 learning social network greek medieval video
Topic #26 turing relations multiplication relation negative characteristic
Topic #27 game philosophy player games players films
Topic #28 machine search transform complexity filter input
Topic #29 graph vertex honeycomb boundary diagram symbol
Topic #30 graph node nodes b matrix null
Topic #31 curve fourier distance equation method poisson
Topic #32 american people prize national research professor
Topic #33 methods work computer discrete study field
Topic #34 matrix polynomial polynomials linear matrices functions
Topic #35 distribution statistical probability statistics journal analysis
Topic #36 algebraic theorem topological algebra topology convex
Topic #37 regular triangle square hyperbolic uniform vertices
Topic #38 mathematical related family states degree three
Topic #39 list conjecture following odd series notes"
100,20,20,25,30,3,one also two number used set function first may given theory called group space using many form point university every time known see new use,"Topic #0 graph map topology topological projective spaces
Topic #1 triangle line image ordered model least
Topic #2 force digit nuclear library events sort
Topic #3 matrix x vector normal g scalar
Topic #4 test data regression law bundle exponential
Topic #5 vector product example chain local linear
Topic #6 ring groups rings operations left r
Topic #7 fourier input network languages wave hash
Topic #8 einstein quantum project body names volume
Topic #9 turing player machine gravity measurement film
Topic #10 vector euclidean unit length generated metric
Topic #11 search rotation path data spectral growth
Topic #12 estimator population data would estimate column
Topic #13 distribution null mean quantum matrix row
Topic #14 method transform methods equations algorithm distance
Topic #15 world national science social became english
Topic #16 objects spin energy strategy classification machines
Topic #17 united philosophers war indian philosophy political
Topic #18 optimization algorithm gradient value derivative roots
Topic #19 mass philosophical experimental john score influenced
Topic #20 logic boolean logical representation system truth
Topic #21 lie algebra integral category let operator
Topic #22 probability problem variable random variables value
Topic #23 probability distribution random statistical state process
Topic #24 regular vertices hyperbolic vertex convex uniform
Topic #25 de algebraic field polynomials matrices algebras
Topic #26 numbers sum differential theorem primes series
Topic #27 journal mathematical statistics analysis mathematics continuous
Topic #28 knot list mathematics family american truncated
Topic #29 series related degree symmetric n three"
100,20,10,25,30,10,one also two number used set function first may given theory called group space using many form point university every time known see new use,"Topic #0 prime lie algebraic numbers curve projective
Topic #1 scientific de book tiling published honeycomb
Topic #2 triangle ideal right spaces homotopy topological
Topic #3 graph vertices circle vertex graphs edge
Topic #4 american school society academy professor institute
Topic #5 ring groups infinite axiom fundamental elements
Topic #6 vector x field map gaussian local
Topic #7 measure polynomial values array difference algorithm
Topic #8 bundle r geometric tangent curvature finitely
Topic #9 algorithm output particles hash black memory
Topic #10 category price object data model frame
Topic #11 einstein light von magic universe knowledge
Topic #12 game philosophy south games began human
Topic #13 p z h x kernel choice
Topic #14 distribution quantum density particle gravity flow
Topic #15 fourier wave estimator mechanics harmonic lorentz
Topic #16 problem string character turing system problems
Topic #17 population political computer program sampling studies
Topic #18 logic logical test truth entropy boolean
Topic #19 tree player node distance error players
Topic #20 energy control network poisson state learning
Topic #21 vector tensor coordinate boundary points lattice
Topic #22 data sample probability regression variance mean
Topic #23 velocity error ratio trigonometric bernoulli false
Topic #24 united war film city people british
Topic #25 matrix linear matrices algebra n symmetric
Topic #26 functions differential probability continuous equation random
Topic #27 regular hyperbolic uniform square knot geometry
Topic #28 mathematical statistical mathematics polynomials statistics conjecture
Topic #29 convex analysis theorem factor theorems named"
100,30,10,25,30,1,one also two number used set function first may given theory called group space using many form point university every time known see new use,"Topic #0 research turing science scientific years world
Topic #1 prime lie numbers algebra base primes
Topic #2 field cohomology global galois class abelian
Topic #3 graph tangent coordinate area g cauchy
Topic #4 hash war human game key film
Topic #5 c ring zero lattice axiom elements
Topic #6 honeycomb einstein knowledge mass gravity waves
Topic #7 quantum phase code tensor fourier growth
Topic #8 state entropy data public economic bayesian
Topic #9 metric law riemannian velocity convergence potential
Topic #10 population social national city frame films
Topic #11 derivative ideal error mean distance often
Topic #12 matrix vectors quantum image map magnetic
Topic #13 machine ordered rotation input algorithm subset
Topic #14 model tree sample node rate conditional
Topic #15 logic algorithm boolean logical game system
Topic #16 philosophy expected learning water latin control
Topic #17 data regression design estimator medical sampling
Topic #18 solution error nodes equation mean relationship
Topic #19 circle circles curvature notation radius vertex
Topic #20 distribution probability random density variable transform
Topic #21 x sum module rank linear cycle
Topic #22 groups subgroup triangle complex partition relation
Topic #23 category spaces topological let f k
Topic #24 square convex surface dual curve tiling
Topic #25 american statistical statistics people stochastic professor
Topic #26 polynomial continuous markov inequality probability functions
Topic #27 knot topology angle permutation family union
Topic #28 regular uniform great conjecture mathematical hyperbolic
Topic #29 series list differential theorem small studied"
100,30,10,25,30,3,one also two number used set function first may given theory called group space using many form point university every time known see new use,"Topic #0 triangle circle tangent line lines equation
Topic #1 metric hilbert axioms g h affine
Topic #2 academy philosophers economic chinese indian began
Topic #3 quantum particles bayesian likelihood film risk
Topic #4 cohomology axiom logic formal truth equivalence
Topic #5 rule problem b complexity universal classical
Topic #6 matrix tree transform sampling node error
Topic #7 vector element zero binary vectors operation
Topic #8 algorithm variance frequency average method estimate
Topic #9 groups tensor representation study permutation row
Topic #10 lie image root principal right sum
Topic #11 political war public population philosophy later
Topic #12 code wave hash network energy networks
Topic #13 distribution probability random sample distributions mass
Topic #14 player equilibrium coordinate momentum category frame
Topic #15 data programming islamic fibonacci cluster transport
Topic #16 philosophy turing machine price energy students
Topic #17 rate system angular object equation absolute
Topic #18 languages data input algorithm control fuzzy
Topic #19 event sample types model distance game
Topic #20 american research society united scientific international
Topic #21 matrix regression matrices correlation test density
Topic #22 state string college einstein association work
Topic #23 algebraic topological topology algebra proof surface
Topic #24 functions continuous integral let spaces x
Topic #25 states symmetric equations operators differential version
Topic #26 knot mathematical family series conjecture mathematicians
Topic #27 regular convex vertex vertices hyperbolic uniform
Topic #28 prime numbers p sequence john degree
Topic #29 n analysis obtained statistical small part"
100,20,10,50,30,1,one also two number used set function first may given theory called group space using many form point university every time known see new use since defined data mathematical x references value field different would vector system order case linear numbers theorem model distribution probability functions real matrix general n,"Topic #0 circle angle euclidean triangle line affine
Topic #1 graph edges graphs planar spherical software
Topic #2 school city british social research chinese
Topic #3 fourier transform image primitive cohomology magnitude
Topic #4 einstein tensor markov philosophy processes newton
Topic #5 algorithm tree node algorithms nodes graph
Topic #6 momentum event law decision design energy
Topic #7 boolean rotation orbit ratio axiom structures
Topic #8 vectors permutation inner recursive structure area
Topic #9 quantum spin functor machine law lie
Topic #10 state particle particles energy population models
Topic #11 object hash elements multiplication module axioms
Topic #12 method gradient string wave classical null
Topic #13 ring lie projective ideal end bundle
Topic #14 convergence earth coefficients roots variable treatment
Topic #15 world united war national people political
Topic #16 flow rate distance scale coefficient magic
Topic #17 control sample input sampling search player
Topic #18 convex problem equations derivative correlation dirichlet
Topic #19 test game code algorithm phase risk
Topic #20 logic logical regression polynomials formal basic
Topic #21 turing v base category sets u
Topic #22 g f matrices metric topological riemann
Topic #23 random exponential hilbert curve method continuous
Topic #24 hyperbolic uniform surface subgroup vertex index
Topic #25 regular published knot journal mathematics infinite
Topic #26 groups algebra society algebras de algebraic
Topic #27 prime differential primes integer triangle american
Topic #28 statistics american polynomial list states algebraic
Topic #29 series dual statistical p construction type"
100,20,20,50,30,5,one also two number used set function first may given theory called group space using many form point university every time known see new use since defined data mathematical x references value field different would vector system order case linear numbers theorem model distribution probability functions real matrix general n,"Topic #0 normal gaussian groups e points riemann
Topic #1 root solution factor transform node binary
Topic #2 matrices row rotation column notation hamiltonian
Topic #3 logic work early de research prize
Topic #4 curvature galois classical metric riemannian derivatives
Topic #5 graph category g map b closed
Topic #6 quantum energy string particle flow particles
Topic #7 algorithm problem distance step turing method
Topic #8 social united american national political people
Topic #9 player game digital strategy much matching
Topic #10 ring bundle ideal product rings local
Topic #11 triangle angle length sides base circular
Topic #12 lie permutation choice action direct result
Topic #13 language axiom light symbols formal theories
Topic #14 circle lattice euclidean word greek newton
Topic #15 search south scientific philosophy public students
Topic #16 tree error entropy rate code effect
Topic #17 test control population species sample key
Topic #18 programming hash film event risk films
Topic #19 equation frame tensor sampling mass curve
Topic #20 mean variable sample variables density distributions
Topic #21 algorithm input algorithms complexity logic truth
Topic #22 state statistical bayesian computer science government
Topic #23 fourier measure limit series subset category
Topic #24 random finite algebra spaces continuous stochastic
Topic #25 american john mathematicians geometry society center
Topic #26 polynomial algebraic k polynomials integral rational
Topic #27 prime square hyperbolic vertex knot edge
Topic #28 mathematics convex statistics journal regular family
Topic #29 degree analysis fields surfaces related theorems"
100,30,20,25,30,1,one also two number used set function first may given theory called group space using many form point university every time known see new use,"Topic #0 lie category algebra map projective topology
Topic #1 angle around end operation exterior deviation
Topic #2 metric curvature quantum riemannian einstein various
Topic #3 polynomial integral transform variable value fixed
Topic #4 quantum field vector image machine fuzzy
Topic #5 gravitational per gauge light model models
Topic #6 energy phase velocity conditional bits logic
Topic #7 population learning optimization philosophy financial price
Topic #8 vector matrix tiling tilings normal lattice
Topic #9 signal null graphs transition energy transformation
Topic #10 player students code black work years
Topic #11 search public films economic early government
Topic #12 node algorithm information data entropy estimate
Topic #13 basis permutation exact kernel groups fourier
Topic #14 rule logical central single mean circular
Topic #15 representations representation homotopy fourier coefficient coordinate
Topic #16 derivative hash error reference words scale
Topic #17 test control event features cone filter
Topic #18 x binary system partition decimal always
Topic #19 american united people school society research
Topic #20 random process probability stochastic poisson gaussian
Topic #21 distribution sample probability distributions turing regression
Topic #22 equation problem perfect solutions cyclic arithmetic
Topic #23 statistical degree series markov axiom member
Topic #24 matrix k finite matrices subset real
Topic #25 graph regular vertices hyperbolic vertex square
Topic #26 prime analytic statistics primes volume smallest
Topic #27 mathematics triangle curve knot journal circle
Topic #28 analysis factor proved theorems theorem surface
Topic #29 mathematical five selected notes ratio generalized"
100,30,20,25,30,5,one also two number used set function first may given theory called group space using many form point university every time known see new use,"Topic #0 polynomial polynomials curve orthogonal triangle line
Topic #1 test operator matrices size basis unitary
Topic #2 logical system highly solutions directed propositional
Topic #3 lie matrix tangent exponential product real
Topic #4 ring algebra g element boolean groups
Topic #5 turing string logic programming language tree
Topic #6 distribution variable random variables variance density
Topic #7 population entropy network data sampling price
Topic #8 wave velocity rotation angle speed gravitational
Topic #9 binary rule b large frame r
Topic #10 energy quantum city south risk einstein
Topic #11 image c interval algorithm lower upper
Topic #12 fourier law vector transform action field
Topic #13 graph boundary points projective fundamental curvature
Topic #14 method equation distance standard deviation value
Topic #15 category vector map tensor spaces f
Topic #16 national social philosophy united school american
Topic #17 flow signal game relativity world test
Topic #18 particles computer college roman universe education
Topic #19 political player philosophy ancient magnetic fluid
Topic #20 algorithm node algorithms hash tree code
Topic #21 matrix sets axiom graph subset topological
Topic #22 probability distribution random sample data hypothesis
Topic #23 research age united world book engineering
Topic #24 prime numbers n k primes integer
Topic #25 de american equation study work states
Topic #26 mathematical theorem mathematics journal algebraic algebra
Topic #27 regular hyperbolic uniform dual vertex convex
Topic #28 knot family part degree six center
Topic #29 statistical statistics conjecture named association alumni"
100,20,20,50,30,1,one also two number used set function first may given theory called group space using many form point university every time known see new use since defined data mathematical x references value field different would vector system order case linear numbers theorem model distribution probability functions real matrix general n,"Topic #0 element homotopy manifold map manifolds riemannian
Topic #1 american society science school national philosophy
Topic #2 wave axis equation spin uncertainty period
Topic #3 category object complexity machine step weight
Topic #4 graph node graphs distance minimum nodes
Topic #5 early logic indian control research work
Topic #6 line right flow network tree change
Topic #7 size z ordered roots cell even
Topic #8 fourier einstein frequency digit digits species
Topic #9 lie algebra product algebras multiplication universal
Topic #10 current logic approach scientific truth physics
Topic #11 test response tests information music pressure
Topic #12 sample population sampling estimator state likelihood
Topic #13 bundle black circles circle lines information
Topic #14 input bits color rotation output greek
Topic #15 quantum phase entropy energy particles memory
Topic #16 game player economic philosophy government social
Topic #17 ring hash cohomology motion classical circular
Topic #18 string groups abelian isomorphic g standard
Topic #19 transform derivative error optimization convergence variables
Topic #20 german turing logical language life languages
Topic #21 random variable regression process mean algorithm
Topic #22 prime topological base tiling tilings primes
Topic #23 regular uniform symmetry edge edges great
Topic #24 algebraic polynomials polynomial curve surfaces characteristic
Topic #25 knot differential closed let matrices spaces
Topic #26 triangle dual p convex algebra partial
Topic #27 statistical mathematics mathematicians journal center statistics
Topic #28 c analysis q g banach markov
Topic #29 list published academy perfect members statistics"
100,15,20,50,30,1,one also two number used set function first may given theory called group space using many form point university every time known see new use since defined data mathematical x references value field different would vector system order case linear numbers theorem model distribution probability functions real matrix general n,"Topic #0 scientific philosophy journal world united students
Topic #1 graph triangle vertex vertices circle angle
Topic #2 equation equations law signal derivative frequency
Topic #3 ring g spaces axiom ideal distance
Topic #4 quantum operator matrices operators hilbert affine
Topic #5 einstein velocity flow force western boolean
Topic #6 code output algorithm language bundle languages
Topic #7 complexity honeycomb lines nodes around pendulum
Topic #8 player ancient game hash greek strategy
Topic #9 algorithm network input entropy step algorithms
Topic #10 binary riemann power rank root morphism
Topic #11 product element basis coordinate elements define
Topic #12 control program design experimental government war
Topic #13 logic logical rule truth rules magnetic
Topic #14 process systems row carlo monte sign
Topic #15 turing became sciences academy prize royal
Topic #16 population state magic sample medical sampling
Topic #17 tree energy node physics quantum gravitational
Topic #18 method search commutative symplectic median coefficient
Topic #19 lie representation division cell left galois
Topic #20 sum variable variables ratio b interval
Topic #21 random statistical test fourier distributions bayesian
Topic #22 category v unit lattice z c
Topic #23 topology polynomial topological curve curves subset
Topic #24 generalized discrete stochastic integral boundary transform
Topic #25 prime base symmetric primes subgroup integers
Topic #26 knot american faculty family elementary mathematicians
Topic #27 hyperbolic regular convex uniform symbol index
Topic #28 polynomials sequence list theorems surfaces name
Topic #29 software optimization applications branch partial peter"
100,20,20,50,30,3,one also two number used set function first may given theory called group space using many form point university every time known see new use since defined data mathematical x references value field different would vector system order case linear numbers theorem model distribution probability functions real matrix general n,"Topic #0 lie convex knot g edge points
Topic #1 tree languages formal potential physical particles
Topic #2 node equation sort large theories equations
Topic #3 graph graphs transform interval spectral rational
Topic #4 normal formula limit element category sequence
Topic #5 column inverse b groups c constant
Topic #6 philosophy school social society life science
Topic #7 state gravity force phase light energy
Topic #8 regular hyperbolic vertex symmetry plane vertices
Topic #9 quantum philosophers royal became women public
Topic #10 cohomology velocity character symbols representation characters
Topic #11 french axis film rotation films material
Topic #12 algorithm derivative step gradient path law
Topic #13 energy ancient nodes roman array video
Topic #14 random turing machine population sample correlation
Topic #15 logic game player logical world economic
Topic #16 frequency signal regression mean estimator average
Topic #17 sampling magic observations sample parameters confidence
Topic #18 roots circles found root right us
Topic #19 bundle affine markov curvature riemannian block
Topic #20 hilbert operator f map fourier operators
Topic #21 ring metric measure smooth homotopy local
Topic #22 algorithms code boundary method along equations
Topic #23 test optimization error problem rule category
Topic #24 algebra prime sum p finite topology
Topic #25 american statistics mathematicians institute research professor
Topic #26 surface journal mathematics conjecture surfaces faces
Topic #27 integer infinite polynomials differential complex elementary
Topic #28 statistical family states numerical differential equation
Topic #29 list square generalized geometry john small"
100,30,10,50,30,1,one also two number used set function first may given theory called group space using many form point university every time known see new use since defined data mathematical x references value field different would vector system order case linear numbers theorem model distribution probability functions real matrix general n,"Topic #0 western college letters became life philosophy
Topic #1 gaussian hilbert digits size identity spectral
Topic #2 regular vertices distance angle vertex edge
Topic #3 law functor rate standard truth spin
Topic #4 notion action argument homogeneous spaces formulas
Topic #5 error information current momentum graphics cell
Topic #6 algorithm energy sampling method film particle
Topic #7 power signal equation filter conditional quadratic
Topic #8 hash end permutation rotation node cannot
Topic #9 quantum einstein return world learning war
Topic #10 velocity mass algorithm equilibrium models covariance
Topic #11 sample test boolean input transition search
Topic #12 fourier magic characters period behavior transform
Topic #13 entropy player machine algorithm flow performance
Topic #14 state turing computer complexity led machine
Topic #15 bundle physical force world fiber relativity
Topic #16 ring circle ideal object right map
Topic #17 game social population philosophy economic political
Topic #18 random process mean matrices negative tangent
Topic #19 graph category commutative graphs map structure
Topic #20 regression correlation transform logical program mechanics
Topic #21 american society people logic language cohomology
Topic #22 p metric normal g subgroup product
Topic #23 mathematics journal research published international lie
Topic #24 prime equation differential algebraic integer proof
Topic #25 let sequence symmetry projective sphere r
Topic #26 hyperbolic uniform knot plane line tiling
Topic #27 statistical statistics polynomials open surface polynomial
Topic #28 algebra squares list type projection degrees
Topic #29 series factor ratio complex similar analysis"
100,20,10,25,30,5,one also two number used set function first may given theory called group space using many form point university every time known see new use,"Topic #0 lie algebra ring category x g
Topic #1 series transform rate fourier ratio end
Topic #2 regular vertex vertices angle symmetry points
Topic #3 distribution random probability density variance mass
Topic #4 einstein chinese german de body ideas
Topic #5 population state world french led sampling
Topic #6 root division operations book study work
Topic #7 binary model arithmetic natural analytic decimal
Topic #8 tree energy quantum wave conditional potential
Topic #9 circle boolean distance magic circles table
Topic #10 node matrix tree matrices metric unitary
Topic #11 player hash regression game film data
Topic #12 sample energy black method likelihood key
Topic #13 human philosophy ancient roman indian knowledge
Topic #14 input game velocity system output language
Topic #15 quantum turing machine local particle decision
Topic #16 city united war religious women jewish
Topic #17 object f objects isomorphism field direct
Topic #18 rotation angular cauchy base monte primes
Topic #19 american research people institute students national
Topic #20 data models error method networks lagrangian
Topic #21 knot matrix vector bundle line character
Topic #22 algorithm logic problem axiom measure b
Topic #23 equation polynomial curve probability distribution solution
Topic #24 p functions graph normal k x
Topic #25 statistical mathematical mathematics published statistics journal
Topic #26 convex matrix n proof inequality q
Topic #27 theorem prime differential polynomials algebraic states
Topic #28 uniform dual related great list triangular
Topic #29 analysis proved model numerical following second"
100,20,10,50,30,10,one also two number used set function first may given theory called group space using many form point university every time known see new use since defined data mathematical x references value field different would vector system order case linear numbers theorem model distribution probability functions real matrix general n,"Topic #0 regular vertices surface hyperbolic plane vertex
Topic #1 metric groups index central free lattice
Topic #2 statistical work research engineering studies book
Topic #3 operator sets sequence axiom triangle map
Topic #4 problem distance flow equations complexity input
Topic #5 fourier equation transform series bound integral
Topic #6 united school war social national world
Topic #7 normal continuous spaces open measure u
Topic #8 test boolean systems hypothesis error algorithm
Topic #9 string important pythagorean law structure study
Topic #10 ring complex matrices product inverse cohomology
Topic #11 node graph graphs nodes tree decimal
Topic #12 wave light frequency effect mass response
Topic #13 digital programming color design optimization software
Topic #14 turing machine language computer law kinetic
Topic #15 code binary bits bit noise permutation
Topic #16 political philosophy population philosophers city price
Topic #17 method decomposition values discrete vectors step
Topic #18 random sample variables variable process variance
Topic #19 player game logic state energy network
Topic #20 quantum energy einstein velocity momentum particles
Topic #21 strategy algorithm parallel ratio length small
Topic #22 category hash character objects object ancient
Topic #23 film loop music cardinal films nuclear
Topic #24 regression control estimator rule magic observations
Topic #25 algebra lie identity g elements formula
Topic #26 algebraic projective polynomial tangent manifold knot
Topic #27 american mathematics society journal mathematicians international
Topic #28 prime sum polynomials dual p square
Topic #29 analysis states statistical degree series fields"
100,30,10,50,30,3,one also two number used set function first may given theory called group space using many form point university every time known see new use since defined data mathematical x references value field different would vector system order case linear numbers theorem model distribution probability functions real matrix general n,"Topic #0 complex lie polynomial curve polynomials affine
Topic #1 graph base row sets square digit
Topic #2 b category finite subset topological let
Topic #3 world philosophy city turing scientific education
Topic #4 large word greek genetic made arabic
Topic #5 circle line tangent angle lines points
Topic #6 homotopy measure metric principal singular operations
Topic #7 quantum graphs state history study including
Topic #8 magic distance lorentz light irreducible jordan
Topic #9 ring mean local commutative path objects
Topic #10 normal hypothesis growth filter null binary
Topic #11 groups hyperbolic subgroup tiling symmetry tilings
Topic #12 bundle entropy relativity calculus code coding
Topic #13 equations momentum languages equation dirichlet tensor
Topic #14 player game price strategy players network
Topic #15 energy string flow mass quantum particle
Topic #16 complexity computer games game algorithms program
Topic #17 node software tree design black regression
Topic #18 fourier transform frequency axis frame bit
Topic #19 knot logic loop end art knots
Topic #20 character events response decision king film
Topic #21 test variable rule standard binomial rate
Topic #22 algorithm solution problem algorithms search method
Topic #23 american united national people british college
Topic #24 random statistical statistics distributions process density
Topic #25 von analytic proof book galois series
Topic #26 differential journal partial algebra functional conjecture
Topic #27 mathematics states continuous algebraic fields surfaces
Topic #28 regular uniform vertices convex list square
Topic #29 prime primes analysis john related degree"
100,20,20,25,40,1,one also two number used set function first may given theory called group space using many form point university every time known see new use,"Topic #0 functions x product invariant n real
Topic #1 groups bundle map spaces sets topological
Topic #2 war united world national social became
Topic #3 graph graphs angle path edge length
Topic #4 fourier law local scale normal classical
Topic #5 c right f e tensor elements
Topic #6 language tangent quantum circles curvature body
Topic #7 process input output change image rules
Topic #8 game player players equilibrium began play
Topic #9 hash energy complexity games political chemical
Topic #10 rate expected solar films individuals conditional
Topic #11 music learning social team program evolutionary
Topic #12 tree digits digit partition trees top
Topic #13 node data entropy code mean correlation
Topic #14 logical mass basis rule logic measure
Topic #15 equation irreducible normal vector integral complex
Topic #16 filter phase step critical quality model
Topic #17 algorithm de philosophers symbols system letters
Topic #18 turing city public economic government human
Topic #19 regular vertex symmetry line vertices lines
Topic #20 hyperbolic tiling tilings software distance black
Topic #21 control test period level hypothesis potential
Topic #22 boolean bits signal methods cone acceleration
Topic #23 b binary must binomial proper axiom
Topic #24 ring x field commutative scheme ordered
Topic #25 philosophy einstein world truth military belief
Topic #26 quantum equation velocity system solution conformal
Topic #27 category von object indian relations neumann
Topic #28 error test method null kernel search
Topic #29 distribution probability random sample population data
Topic #30 matrix linear vector matrices element polynomial
Topic #31 value variable values formula exponential variables
Topic #32 algebraic algebra lie g k knot
Topic #33 john physics state string optimization markov
Topic #34 sequence curve prime p numbers edges
Topic #35 american society people school journal mathematicians
Topic #36 dual sum squares geometry inequality square
Topic #37 series theorem polynomials degree conjecture class
Topic #38 mathematical statistics factor proof mathematics stochastic
Topic #39 list related uniform constructed index polyhedra"
100,20,10,25,30,3,one also two number used set function first may given theory called group space using many form point university every time known see new use,"Topic #0 ring projective algebra vector transform ideal
Topic #1 energy cohomology affine reference early angular
Topic #2 curve c b must derivative definitions
Topic #3 complex riemann integral field direct power
Topic #4 united national world school prize english
Topic #5 square regular vertices symmetry three vertex
Topic #6 category vector groups field image free
Topic #7 turing quantum network bundle spin component
Topic #8 circle algorithm fourier distance frequency method
Topic #9 density search entropy programming magic distribution
Topic #10 player message hash true word would
Topic #11 light object median language lorentz gravitational
Topic #12 tree velocity rules axis system control
Topic #13 rotation event energy mean mass critical
Topic #14 matrix matrices circular basis orbit higher
Topic #15 model probability test regression variance hash
Topic #16 philosophy research philosophers functor became category
Topic #17 game players quantum particles particle films
Topic #18 logic logical machine truth estimator learning
Topic #19 algorithm graph node graphs boolean error
Topic #20 code einstein created digital cycle compression
Topic #21 data sample process rate population random
Topic #22 numbers prime p integer sum n
Topic #23 lie equation hilbert operator algebras lattice
Topic #24 matrix distribution x topological subset sets
Topic #25 american triangle mathematics published journal angle
Topic #26 algebraic differential index factor subgroup introduced
Topic #27 convex uniform statistics statistical regular plane
Topic #28 knot theorem family geometric mathematical k
Topic #29 polynomial analysis geometry theorem points discrete"
100,20,10,25,30,1,one also two number used set function first may given theory called group space using many form point university every time known see new use,"Topic #0 american united philosophy science society research
Topic #1 local einstein equation galois axis approximation
Topic #2 mass hypothesis value matrix filter input
Topic #3 chinese human city ii economics scientific
Topic #4 data methods black regression frequency optimization
Topic #5 quantum energy law entropy network player
Topic #6 graph graphs maps metric map structures
Topic #7 ring hash spin free module children
Topic #8 search binary transform digit equivalence structure
Topic #9 flow machine control bits programming languages
Topic #10 algorithm distance vectors c choice standard
Topic #11 true map ideal subspace vector affine
Topic #12 wave test experimental theories magnetic motion
Topic #13 people years became school political health
Topic #14 social philosophy string music economic momentum
Topic #15 distribution random probability matrix distributions variance
Topic #16 tensor bundle game rules digital games
Topic #17 error fourier algorithm method sample estimator
Topic #18 vector right magic solution complexity problem
Topic #19 subgroup base triangle symmetry euclidean p
Topic #20 x f lie spaces topological g
Topic #21 logic turing bayesian computer analysis statistical
Topic #22 angle volume manifold great area homotopy
Topic #23 n numbers element equation k integer
Topic #24 polynomial class constant model zeta double
Topic #25 algebra polynomials differential matrices orthogonal category
Topic #26 algebraic continuous topology proof positive theorem
Topic #27 prime convex regular dual uniform mathematics
Topic #28 hyperbolic symbol tilings square list surface
Topic #29 knot part natural factor named diagram"
